{"cameraMode":{"drawMode":0,"name":"Shaded","section":"Shading Mode"},"sceneLighting":false,"audioPlay":false,"sceneViewState":{"m_AlwaysRefresh":false,"showFog":true,"showSkybox":false,"showFlares":true,"showImageEffects":true,"showParticleSystems":true,"showVisualEffectGraphs":true,"m_FxEnabled":true},"in2DMode":false,"pivot":{"x":0.012591123580932618,"y":3.271615505218506,"z":-0.15256834030151368},"rotation":{"x":-0.18143486976623536,"y":-0.5718182325363159,"z":0.13049568235874177,"w":-0.7897992134094238},"size":4.639637470245361,"orthographic":false}